{"cameraMode":{"drawMode":0,"name":"Shaded","section":"Shading Mode"},"sceneLighting":true,"audioPlay":false,"sceneViewState":{"m_AlwaysRefresh":false,"showFog":true,"showSkybox":true,"showFlares":true,"showImageEffects":true,"showParticleSystems":true,"showVisualEffectGraphs":true,"m_FxEnabled":true},"in2DMode":false,"pivot":{"x":14.385658264160157,"y":-8.095739364624024,"z":-2.644136428833008},"rotation":{"x":-0.06775455176830292,"y":-0.8695427775382996,"z":0.47312408685684206,"w":-0.12448655813932419},"size":28.062726974487306,"orthographic":false}