{"cameraMode":{"drawMode":0,"name":"Shaded","section":"Shading Mode"},"sceneLighting":true,"audioPlay":false,"sceneViewState":{"m_AlwaysRefresh":false,"showFog":true,"showSkybox":true,"showFlares":true,"showImageEffects":true,"showParticleSystems":true,"showVisualEffectGraphs":true,"m_FxEnabled":false},"in2DMode":false,"pivot":{"x":4.056720733642578,"y":3.2715768814086916,"z":-11.656326293945313},"rotation":{"x":0.2507798671722412,"y":0.01016424410045147,"z":-0.002633283846080303,"w":0.9679874181747437},"size":21.018695831298829,"orthographic":true}