{"cameraMode":{"drawMode":0,"name":"Shaded","section":"Shading Mode"},"sceneLighting":true,"audioPlay":false,"sceneViewState":{"m_AlwaysRefresh":false,"showFog":true,"showSkybox":true,"showFlares":true,"showImageEffects":true,"showParticleSystems":true,"showVisualEffectGraphs":true,"m_FxEnabled":false},"in2DMode":false,"pivot":{"x":-0.5583572387695313,"y":0.7170753479003906,"z":28.799999237060548},"rotation":{"x":0.6518430709838867,"y":-0.02390088327229023,"z":0.02051037736237049,"w":0.7577590346336365},"size":7.499372959136963,"orthographic":true}